{"cameraMode":{"drawMode":0,"name":"Shaded","section":"Shading Mode"},"sceneLighting":true,"audioPlay":false,"sceneViewState":{"m_AlwaysRefresh":false,"showFog":true,"showSkybox":true,"showFlares":true,"showImageEffects":true,"showParticleSystems":true,"showVisualEffectGraphs":true,"m_FxEnabled":true},"in2DMode":false,"pivot":{"x":579.0059204101563,"y":345.84661865234377,"z":55.07918167114258},"rotation":{"x":0.1472000926733017,"y":0.04597580432891846,"z":-0.006849745288491249,"w":0.9880136251449585},"size":635.2142944335938,"orthographic":false}